0.0,0.0.1,0.017025689,0.0.2,0.022382963,0.0064107915,0.013936061,0.021629952,0.007153107,0.0.3,0.0026257257,0.0018648319,0.006859357,0.014714793,0.023482403,0.014511732,0.0064138533,0.0.4,0.0.5,0.0.6
0.006805741,0.009712504,0.011835432,0.004742962,0.030743493,0.0017819424,0.0073803803,0.016626555,0.03410916,0.012424303,0.0,0.022020537,0.0030390425,0.028580349,0.0,0.008293396,0.0,0.003651993,0.0,0.0
0.0064983764,0.052543174,0.010010878,0.0,0.041179296,0.022711689,0.013819699,0.013601671,0.0072317556,0.022039948,0.0066946535,0.003051122,0.0,0.073493645,0.0125136515,0.03457051,0.01827794,0.0018769994,0.0085929725,0.0
0.0,0.004364904,0.0040590656,0.014809945,0.0062298067,0.047850456,0.039530974,0.026408484,0.00025142496,0.0050560893,0.019766634,0.019475184,0.0076968735,0.009049748,0.012393151,0.014348443,0.011699627,0.0010000485,0.0,0.0
0.008009757,0.032081965,0.0,0.045439288,0.0058962577,0.01337131,0.048646487,0.0,0.0,0.0,0.003329428,0.0024449495,0.0,0.0,0.0,0.0,0.0026241362,0.0,0.0033973085,0.003620715
0.003591647,0.013327739,0.037524607,0.03575126,0.011379881,0.005216376,0.0041810507,0.031070126,0.023013974,0.0076431995,0.03011566,0.010171858,0.011055226,0.012983692,0.010100728,0.014111742,0.0017576911,0.021264303,0.009983072,0.011396731
0.012186752,0.0023234147,0.02593177,0.01752369,0.011849237,0.0067343777,0.04201101,0.0625,0.0,0.0,0.0,0.0,0.0010630667,0.0,0.0,0.013633975,0.002360234,0.0,0.007918706,0.0
0.01444171,0.020500919,0.01413971,0.0024625824,0.00070294674,0.008463907,0.016126394,0.0,0.0047509447,0.0058184587,0.0,0.0,0.0,0.010118384,0.0,0.0063339053,0.019342508,0.014197815,0.012350105,0.0039501777
0.0042579416,0.016209377,0.06641709,0.01071949,0.023805821,0.016218996,0.0019306446,0.0071573392,0.009993923,0.028364724,0.045627505,0.02076852,0.009258639,0.037942175,0.113894045,0.013690206,0.008655468,0.0038938879,0.000186381,0.0
0.0,0.029046314,0.022701185,0.00065161224,0.0137490975,0.033076476,0.037652615,0.006111395,0.01384404,0.046031818,0.02516595,0.004917332,0.0,0.009342539,0.0386615,0.013803164,0.009776608,0.023254497,0.023100695,0.0
0.0,0.0,0.019062804,0.02365288,0.0,0.001421634,0.0050806426,0.005330001,0.014037337,0.0091796275,0.0138996625,0.0374664,0.009429332,0.0026778115,0.0034299141,0.0,0.0069067623,0.010313291,0.008454836,0.0
0.0059222863,0.036520287,0.021731675,0.0,0.012119,0.027442008,0.002967493,0.019393953,0.029480763,0.008107201,0.008491401,0.0,0.044650618,0.0061650197,0.0,0.012845087,0.012472722,0.05910131,0.0,0.0
0.0,0.0342685,0.0061164736,0.0031581537,0.0012692964,0.008548481,0.010745801,0.001778106,0.0029477915,0.007830862,0.033181608,0.024964781,0.0025746897,0.0,0.009103143,0.015013392,0.017577471,0.0,0.0,0.0
0.0,0.0,0.006634526,0.0013003335,0.0132797,0.015626853,0.0049747652,0.0052215955,0.0,0.010730028,0.011381444,0.061429318,0.027550595,0.014885224,0.02792796,0.003814947,0.004776769,0.0,0.01253669,0.0
0.0537763,0.011656395,0.0525015,0.042735074,0.006044641,0.0,0.015208446,0.042998157,0.018389205,0.016074758,0.0026743643,0.0010544894,0.015462568,0.003763331,0.006707111,0.007912642,0.009153478,0.052251168,0.0,0.0
0.0,0.010551007,0.006609191,0.0027674192,0.03887911,0.10882752,0.1148638,0.0,0.004688947,0.022717755,0.008370486,0.0125273885,0.0030603297,0.0029949616,0.0050487164,0.017841812,0.0026815133,0.005631355,0.0,0.0
0.0,0.0071420777,0.0,0.023411924,0.01812493,0.009407117,0.018066285,0.040056445,0.0,0.017469494,0.0,0.016776728,0.005859265,0.0,0.0,0.0,0.008717086,0.011175931,0.007405232,0.0
0.0011007534,0.008652138,0.011712384,0.008939617,0.0028579866,0.0119747585,0.021954156,0.015220371,0.0,0.0998792,0.012417843,0.052743677,0.008542686,0.09621016,0.012800122,0.0,0.008821035,0.008018295,0.0,0.0
0.034558114,0.029768592,0.002595388,0.0067387866,0.0997042,0.001652019,0.005221447,0.010508958,0.01362583,0.014881639,0.00049123657,0.09326817,0.016652806,0.0057165823,0.0,0.005616914,0.010526682,0.0100814225,0.010965322,0.0
0.0109802885,0.0010922597,0.007202282,0.016732464,0.01258864,0.0026958229,0.00055988465,0.011048629,0.01227182,0.013395278,0.052626226,0.0037045293,0.019547718,0.0034405065,0.01015474,0.0,0.006605025,0.009066625,0.020106839,0.00124229
0.0032001075,0.0032001075,0.004261753,0.0,0.015945518,0.0,0.0,0.005489823,0.0,0.036261737,0.008012014,0.030058373,0.08189477,0.021328887,0.009325672,0.0048005097,0.0,0.0,0.0,0.0
0.023992544,0.024904234,0.017586846,0.0077967807,0.016261721,0.00877042,0.005656932,0.0075492137,0.027183091,0.004034059,0.010931546,0.058119766,0.04603178,0.021882195,0.013640871,0.07074459,0.021242162,0.0061273314,0.02480818,0.0
0.010214195,0.0,0.012389428,0.010456765,0.009893626,0.009861835,0.017838622,0.0066098105,0.017780371,0.007995254,0.015298483,0.0021546837,0.0032492825,0.011599404,0.00042121083,0.008079529,0.021339254,0.008381892,0.01152824,0.02156996
0.0,0.01635457,0.008525702,0.020429866,0.002566859,0.032889735,0.025970126,0.0,0.0106799565,0.011248759,0.0040790183,0.002454788,0.0,0.0,0.0,0.015059656,0.0029921897,0.0,0.0,0.0
0.0075945547,0.02195054,0.0114936745,0.005260503,0.0055787717,0.00014983065,0.014364731,0.009805996,0.00084838097,0.009612902,0.0,0.0,0.0,0.0,0.0,0.015570553,0.018498408,0.003693964,0.015189192,0.0
0.0,0.0038495942,0.0,0.0030810067,0.01889491,0.010874662,0.008586158,0.029040422,0.018490601,0.00128302,0.0004760911,0.0027989235,0.0023316403,0.0032258327,0.075218916,0.060603745,0.025817124,0.108650155,0.12204085,0.0
0.0,0.0,0.12964007,0.0043015364,0.0014772522,0.022146102,0.02014447,0.013908164,0.047098506,0.007429895,0.0,0.014598427,0.0040146946,0.010241588,0.0025235703,0.009485699,0.0060661095,0.02907544,0.022621019,0.0
0.00058336975,0.011528248,0.0,0.0,0.03452012,0.0036296665,0.049747054,0.0156233255,0.0,0.0,0.0,0.07111835,0.0050431355,0.0,0.0,0.0017750815,0.056463882,0.0,0.005659021,0.010870198
0.0027944432,0.008946693,0.018401682,0.07546918,0.023864903,0.014151768,0.0248525,0.025092218,0.008768479,0.018647276,0.011977377,0.02438189,0.015425819,0.0070951595,0.005451786,0.028641373,0.010550309,0.031607307,0.0053543467,0.0
0.0069057145,0.036108114,0.044202514,0.0012688806,0.04299232,0.011886647,0.0,0.02081469,0.06916964,0.009049697,0.0053668525,0.05519379,0.0,0.026510833,0.039759874,0.0015572658,0.0071002264,0.0065702405,0.011569047,0.0
0.0,0.0,0.0,0.021753123,0.0,0.010868957,0.019613408,0.0,0.0,0.0,0.014279412,0.0,0.01015687,0.0,0.0,0.02059671,0.0014594593,0.0,0.0,0.0
0.0,0.013818231,0.0030374385,0.019026475,0.01763793,0.019206593,0.030977322,0.014584417,0.06603222,0.0049861716,0.0024591323,0.0,0.027087942,0.0,0.03149771,0.028125713,0.005275178,0.013006163,0.0,0.0
0.0,0.009637893,0.0,0.016288793,0.037460696,0.006836217,0.0046821707,0.0,0.026061747,0.004878111,0.01358135,0.0,0.0,0.010756425,0.0,0.05268857,0.0018608324,0.02999341,0.002071025,0.0
0.0066253864,0.0031174426,0.026979925,0.017757572,0.006971012,0.006718638,0.0,0.011523384,0.0020066279,0.0,0.026196962,0.008035269,0.008316325,0.010374544,0.017605217,0.023665769,0.016569834,0.011031895,0.014103249,0.012237922
0.0076431227,0.0008214151,0.028028099,0.008279209,0.021857852,0.026198445,0.009057471,0.043103807,0.0057616094,0.02743529,0.0045274664,0.018225035,0.022289125,0.00918081,0.006158873,0.028838541,0.0,0.011531536,0.0,0.0
0.003868746,0.018894386,0.0073457714,0.002218631,0.038507782,0.0045123226,0.007355804,0.0028260697,0.0053280336,0.019565282,0.028133003,0.030855767,0.016520012,0.0410215,0.01950866,0.009055967,0.020647656,0.03480355,0.014383461,0.0024731997
0.0,0.013530031,0.008451153,0.0,0.015511805,0.008884459,0.034160376,0.0018038698,0.022074295,0.014835766,0.0,0.018033003,0.011109358,0.014781455,0.0,0.0,0.030454505,0.0025517507,0.0,0.0
0.0075328094,0.19338961,0.02700719,0.011129682,0.018182784,0.025865624,0.0006453191,0.0018512773,0.0022660817,0.020442987,0.002949682,0.009094473,0.01513208,0.013118541,0.001717429,0.018527258,0.044061985,0.040573206,0.033972148,0.0
0.0,0.0051883007,0.0064371647,0.0015898834,0.011291877,0.0018935855,0.0,0.0,0.0,0.0052228444,0.0,0.0041342448,0.01157158,0.011886322,0.036526922,0.005900296,0.0015081691,0.009367346,0.0,0.0
0.0056459475,0.006449253,0.0090469085,0.010610138,0.007890084,0.0047355,0.0022695453,0.0620594,0.014125311,0.0114110885,0.02768868,0.0021878227,0.023984162,0.04468676,0.00303884,0.00058903854,0.003306021,0.0075548333,0.017484961,0.0
0.0,0.05110097,0.028730208,0.020667624,0.0022766332,0.052309044,0.0,0.0061504585,0.020631557,0.02902727,0.008328208,0.027790746,0.013866875,0.011921558,0.010974009,0.01567976,0.014214909,0.031263173,0.012284282,0.0
0.008412847,0.0047038575,0.020131122,0.01826888,0.008987978,0.003050627,0.0013181362,0.012841202,0.013740543,0.021177715,0.09691609,0.041164026,0.014090621,0.027556023,0.020650912,0.0073374044,0.008643908,0.030901037,0.0077455533,0.0
0.009995673,0.009939414,0.012500036,0.047668587,0.0010094391,0.018527607,0.0037391582,0.0049220975,0.008695169,0.02075907,0.0042322716,0.02672723,0.00870161,0.016073665,0.013353738,0.007178191,0.076348096,0.0,0.0,0.0
0.0,0.017894741,0.011800956,0.0,0.013353835,0.006004879,0.015240207,0.009672556,0.015634324,0.010829823,0.0,0.0,0.0,0.0,0.0,0.0,0.0024056884,0.069393784,0.07346521,0.0
0.0,0.0048972275,0.0012291281,0.023113562,0.0,0.0062648426,0.0022966368,0.0022966368,0.0,0.012534117,0.024234435,0.017904585,0.01028003,0.018474644,0.005695361,0.002572705,0.008704415,0.079897515,0.022904169,0.0
0.0,8.55884e-05,0.0,0.0076326625,0.008122493,0.0055557494,0.0110467225,0.013995508,0.0,0.0,0.0,0.008581656,0.0,0.0,0.0,0.0,0.012449101,0.012434531,0.00584282,0.0
0.0,0.014889477,0.0014457402,0.013294799,0.0,0.01393118,0.039998554,0.013225268,0.0031875544,0.014415188,0.016647512,0.006244466,0.051929336,0.02659912,0.0,0.020732332,0.020263053,0.0123783555,0.0,0.0
0.0050596865,0.024931055,0.0048975856,0.018156907,0.018069236,0.074027814,0.01631646,0.0023508563,0.006263195,0.00074906176,0.0,0.021721631,0.020050816,0.028688641,0.041256674,0.04413751,0.013667445,0.0037039525,0.03631385,0.0
0.0,0.034334183,0.002310265,0.0,0.011164604,0.01577456,0.0,0.011156131,0.010218937,0.0,0.0,0.0,0.002674872,0.0058033173,0.02098001,0.028818034,0.024224913,0.020545505,0.008328481,0.0
0.0,0.014017937,0.06030751,0.09198048,0.10663746,0.0115102455,0.023517365,0.012550699,0.012556081,0.0021433556,0.0073773405,0.0014379334,0.028175225,0.044035584,0.14268765,0.046581857,0.010088276,0.015667154,0.009206506,0.0
0.0,0.0,0.0,0.0,0.015081702,0.0,0.05815669,0.054206133,0.0,0.010378597,0.0,0.008447193,0.008447193,0.0,0.03267598,0.0,0.0,0.0,0.0,0.0
0.0,5.3794163e-05,0.020032477,0.008659066,0.005939979,0.007535964,0.0,0.0,0.0,0.0,0.0,0.009515857,0.008786848,0.0,0.008340115,0.005394488,0.005394488,0.013122461,0.021564819,0.0042167073
0.0031227497,0.011664478,0.007372489,0.025619814,0.012134083,0.0065872907,0.0007914349,0.012434451,0.009000431,0.003078632,0.0,0.037432276,0.011544238,0.005174032,0.0050112344,0.0133313965,0.0010261991,0.018031606,0.0,0.0
0.02762784,0.015266379,0.006490249,0.01828769,0.0015810454,0.111803345,0.008604909,0.0,0.0,0.0,0.0,0.0,0.0,0.03851966,0.0,0.008323518,0.013607669,0.029209927,0.017811742,0.011641328
0.0,0.038112022,0.01625246,0.0017141025,0.023414083,0.027195327,0.020780697,0.0023250738,0.020283956,0.03593752,0.0,0.0,0.03060433,0.0032757865,0.0027483748,0.019584391,0.0262869,0.031507276,0.001449472,0.0011331583
0.0041483087,0.0026186293,0.007400854,0.030685993,0.0051058643,0.0027925272,0.031787235,0.029219557,0.009272272,0.0031810151,0.0049192444,0.041006133,0.07708473,0.0,0.009412389,0.0036447123,0.020740578,0.0167048,0.038970638,0.0022522334
0.01937772,0.009037426,0.025558604,0.012093885,0.016858405,0.038480096,0.011428158,0.007037951,0.0034317395,0.0061559193,0.0086618615,0.049896177,0.020372806,0.0019792044,0.019056622,0.03402532,0.060035683,0.09061664,0.035445355,0.0
0.0,0.013964531,0.01306815,0.0,0.021537311,0.047601335,0.026740959,0.025912946,0.020167926,0.0016958502,0.014357045,0.0,0.028633773,0.0067977505,0.015837114,0.0071056406,0.014333869,0.027036572,0.0,0.0
0.006333697,0.006525317,0.0034798712,0.004230591,0.0034615612,0.0017295858,0.107075825,0.034992915,0.0032531833,0.0,0.0,0.0,0.003262315,0.0004140165,0.021640949,0.037077524,0.0,0.003781666,0.0,0.0
0.0,0.0043099923,0.013711723,0.0322568,0.054440923,0.030449329,0.00959483,0.024498824,0.029196272,0.0,0.0,0.030971892,0.010555004,0.013914118,0.008689254,0.011200794,0.0052357847,0.022715678,0.056344748,0.012559717
0.0,0.008051565,0.023184951,0.008807949,0.026322618,0.008468949,0.0008445244,0.027943889,0.0053261677,0.027107256,0.02071033,0.025849016,0.0045494623,0.03472511,0.05567218,0.015696967,0.025328148,0.066975735,0.0046709846,0.0
0.0,0.010687437,0.013464794,0.009493001,0.011670202,0.010551505,0.005197636,0.0,0.0066301846,0.011726747,0.013919667,0.00780583,0.0,0.024631636,0.01245792,0.015090027,0.053133383,0.014083437,0.008391906,0.0
0.012223222,0.031826925,0.0,0.0,0.0,0.0061483043,0.005703509,0.0045651444,0.0074425293,0.0,0.0,0.0,0.0041104835,0.0018618146,0.0,0.0,0.0045272843,0.006041187,0.028453497,0.0
0.0,0.067837946,0.0,0.002686575,0.022422604,0.0057529043,0.0021531107,0.011402389,0.020330068,0.0007750041,0.006552679,0.0065285414,0.0121005885,0.021215785,0.0066402853,0.009817864,0.089493245,0.016351184,0.008715197,0.0
0.006676012,0.0091096405,0.015692052,0.014226743,0.01015612,0.0049591237,0.0006793636,0.029786399,0.0104279835,0.027620764,0.024953624,0.008121194,0.0034750972,0.010303849,0.011868899,0.00047205662,0.009542798,0.007039843,0.008351124,0.0
0.0,0.0,0.00146233,0.029358232,0.015851306,0.033250805,0.023807604,0.024432851,0.012888552,0.0045698676,0.05428053,0.025929693,0.018988326,0.0061839386,0.0039870273,0.0047757137,0.00907518,0.010528695,0.02014056,0.0
0.0,0.018686196,0.018315509,0.00872592,0.00859119,0.011987478,0.005898005,0.00514527,0.002243018,0.0068947123,0.009557731,0.011122999,0.0,0.01794623,0.037934706,0.024328941,0.007355754,0.0,0.010783088,0.0
0.0,0.03972384,0.090852454,0.0062182243,0.001819536,0.007877735,0.004274893,0.0061245877,0.0,0.06498125,0.019379586,0.024760244,0.010709742,0.040027566,0.009271175,0.0028338227,0.0,0.016946992,0.015111424,0.0040480127
0.0012148112,0.0031466966,0.0102403555,0.0065371348,0.038968496,0.0235352,0.0,0.010801602,0.0012887925,0.0,0.05262258,0.018437501,0.0052190893,0.02217207,0.016247666,0.0,0.016228883,0.017655617,0.016992766,0.0
0.0,0.0012287211,0.027776165,0.0037855117,0.045730025,0.055298414,0.04984785,0.0006890159,0.0,0.0069729453,0.02584138,0.007587218,0.0,0.0123951845,0.04046929,0.04070415,0.000916286,0.004457121,0.017973522,0.0
0.0,0.022051152,0.0050640833,0.02290471,0.01706623,0.014100502,0.04077092,0.0053615086,0.018042099,0.04287645,0.0064112665,0.000105208615,0.030928506,0.004852017,0.0049729184,0.06407259,0.0,0.019886909,0.030794568,0.0
0.0,0.010847175,0.0,0.0025906002,0.047132388,0.01179105,0.0037528859,0.031171981,0.0,0.014931121,0.0017904846,0.0047687874,0.0,0.026659938,0.05597427,0.062561765,0.032700162,0.02362571,0.008033216,0.0
0.0,0.0107078375,0.007951156,0.013717316,0.1676908,0.0,0.01350145,0.0052791815,0.004649771,0.0,0.0,0.009778816,0.01947819,0.00409981,0.022661641,0.0,0.0,0.0,0.003320189,0.0
0.016250897,0.016788369,0.0085556125,0.0052406546,0.009507216,0.007703031,0.035691865,0.0028617226,0.024753815,0.05312838,0.022988709,0.0046790713,0.025339626,0.014247182,0.012848467,0.012272898,0.011159356,0.016755307,0.007481683,0.0
0.0,0.0064082383,0.028351124,0.044569694,0.0,0.020549148,0.015158832,0.042763516,0.0,0.017686287,0.0,0.055318393,0.0053270487,0.0019607772,0.01407632,0.050258975,0.01269006,0.01727257,0.07592217,0.0
0.0,0.005662274,0.023666061,0.02337919,0.00813816,0.0058344384,0.010264765,0.011084574,0.021782218,0.02579554,0.043790918,0.0065283575,0.0062747626,0.007462623,0.019692492,0.0036343343,0.020715017,0.026516188,0.0006274486,0.0
0.018478433,0.008802079,0.0021643557,0.014519158,0.005300621,0.019840108,0.0068056267,0.0,0.01146502,0.012745142,0.014723588,0.04194638,0.010862057,0.0,0.055877972,0.010576755,0.005033771,0.015569057,0.043973323,0.027713077
0.008923241,0.020798815,0.01850372,0.0020543,0.010513379,0.0040924265,0.016896302,0.002975756,0.011001216,0.0035027654,0.0077495314,0.056641057,0.050283328,0.019410249,0.0031259519,0.015679142,0.006555093,0.0,0.0,0.0
0.002151451,0.015860101,0.0034711938,0.008858276,0.028638085,0.0042450503,0.0014351588,0.0056032725,0.0019535767,0.0,0.0,0.011204959,0.0037794504,0.0010082824,0.014298279,0.027902678,0.018459497,0.027805507,0.01840303,0.011826152
0.0,0.010612788,0.00070308906,0.007088235,0.03921541,0.009743964,0.0,0.0,0.012716259,0.03706776,0.006388673,0.0044118366,0.0,0.0045033633,0.03675105,0.0,0.0,0.07835747,0.006489986,0.0
0.0,0.026236905,0.0,0.0036489733,0.064270645,0.0037796588,0.0,0.0,0.0,0.0,0.028665269,0.017181206,0.02412948,0.0024122573,0.0,0.019963708,0.012074368,0.050748065,0.016940841,0.0
0.008897986,0.0018441392,0.0010357327,0.009988384,0.008989793,0.025241047,0.0,0.024653267,0.010044133,0.021958373,0.064772815,0.0018359473,0.14563665,0.007847214,0.02531507,0.020390986,0.012276743,0.004243307,0.019667756,0.036983762
0.0,0.0,0.007521172,0.0,0.0,0.0042957016,0.0026642967,0.01154361,0.011514877,0.004745459,0.0,0.0,0.0,0.0,0.0,0.00590619,0.012624742,0.013016103,0.0,0.0
0.0,0.012787039,0.020763656,0.03988579,0.08276067,0.02637293,0.0047563827,0.0091245,0.0,0.011535716,0.11225523,0.031093648,0.0,0.0,0.0055410927,0.007628883,0.0024452677,0.0,0.0,0.0
0.004498352,0.075795345,0.02938723,0.009859515,0.0055880933,0.009189755,0.0031332523,0.003531613,0.011082221,0.025137972,0.016823944,0.008435263,0.019946435,0.009145099,0.03203811,0.0053011314,0.016278027,0.029884608,0.011113327,0.0
0.0,0.002771271,0.013888508,0.001937962,0.016348753,0.015687115,0.011118792,0.010602148,0.0,0.009385838,0.032292254,0.008380591,0.0034533665,0.018203301,0.034981348,0.03317061,0.0034878498,0.00913537,0.010507704,0.0
0.0031387822,0.016190551,0.017599605,0.0069499305,0.017149998,0.06485341,0.029990224,0.0036316435,0.002877116,0.0038382455,0.0,0.014190003,0.017270453,0.0048174225,0.011928411,0.02176113,0.017464336,0.01260203,0.0033868025,0.0077418196
0.0,0.01724489,0.013785638,0.004286179,0.009492459,0.017372089,0.0044058943,0.0,0.018382171,0.023055227,0.008790585,0.0,0.0010154536,0.0010565373,0.0,0.012351474,0.019133344,0.013047984,0.010416272,0.010147376
0.0,0.011144277,0.007291875,0.012782653,0.016457744,0.0074502775,0.009830315,0.01286725,0.0069923946,0.05910454,0.015829988,0.01486063,0.026626345,0.020331925,0.058453962,0.06002385,0.022057272,0.015148525,0.006071124,0.0
0.0,0.1607853,0.009133741,0.010542073,0.009358783,0.0,0.0146176545,0.008902852,0.018454984,0.0,0.0,0.017137773,0.00038509825,0.039410878,0.011324728,0.0,0.006134497,0.0120224105,0.019012077,0.0062031774
0.0,0.01303186,0.009510056,0.036612853,0.029330479,0.07419806,0.008940334,0.00019293651,0.0045995507,0.050322577,0.044866547,0.024250215,0.0010791876,0.006625529,0.013059526,0.009951994,0.036397014,0.012188979,0.03676973,0.0
0.005214558,0.007891434,0.024744766,0.0190442,0.015039932,0.02141311,0.090170346,0.016018607,0.006512768,0.06805275,0.037729543,0.008611217,0.019226374,0.021060087,0.047498066,0.038953908,0.005944279,0.029792262,0.0,0.0
0.0,0.02065979,0.0052304002,0.012025308,0.027142135,0.010167234,0.0034439415,0.0,0.009303855,0.010237633,0.020295793,0.0028335964,0.028653866,0.011999392,0.032035593,0.0054330956,0.01326788,0.016255748,0.0060751466,0.0
0.0,0.015986612,0.013421214,0.0048311786,0.0,0.006516608,0.014725183,0.019304805,0.0020104619,0.005230204,0.006257598,0.010676389,0.0,0.019485245,0.0,0.0,0.018207336,0.020869248,0.0,0.0
0.0065530413,0.016100911,0.0017223492,0.0040670456,0.008159848,0.0051601855,0.0077998154,0.008654411,0.012849071,0.0,0.0,0.0,0.0057077915,0.003995382,0.014885795,0.0126747005,0.023917317,0.0058564045,0.028066391,0.0
0.0,0.0,0.004589154,0.0,0.0,0.004731368,0.0138313845,0.011859376,0.0023863057,0.011360631,0.0,0.0,0.009892058,0.0035765537,0.008273741,0.0,0.002904318,0.054427467,0.02275187,0.0
0.0,0.0,0.0057576415,0.007283072,0.005458344,0.0061114095,0.0,0.0048451195,0.043941185,0.02024868,0.0141419945,0.0020989254,0.012560695,0.0022802197,0.0249139,0.010115777,0.009976364,0.019581432,0.008812619,0.0
0.0,0.038485046,0.018454479,0.014754046,0.016323766,0.028233735,0.0005090543,0.023853028,0.045392413,0.003824506,0.0077226926,0.009565794,0.0061821085,0.0054243407,0.0025251328,0.008853934,0.0,0.004395887,0.0063824393,0.002419933
0.0,0.0,0.0,0.005859386,0.0026787685,0.0,0.0046127345,0.0,0.0027547705,0.017069122,0.030103568,0.051698033,0.013067181,0.020133303,0.0010886935,0.0041828146,0.0,0.019246962,0.016820567,0.0
0.0,0.015446493,0.0,0.0,0.015402779,0.0,0.0,0.010037776,0.010311976,0.05846052,0.0023162782,0.0024960241,0.0008124269,0.00369221,0.0014516502,0.0,0.014036793,0.009553222,0.0,0.0
0.017870385,0.009354962,0.028091863,0.007843638,0.017984752,0.0079118535,0.022971457,0.06399254,0.0041531087,0.0038920948,0.009072741,0.005900055,0.02734107,0.019897396,0.016662067,0.04516494,0.022379385,0.012418718,0.006230554,0.0
0.010362541,0.00082626124,0.0,0.0,0.0,0.0059144353,0.008300307,0.0,0.0038893542,0.0052531464,0.0009078333,0.0,0.0,0.0,0.019798197,0.014060133,0.0030918752,0.014042643,0.0054438245,0.0028020223
0.0,0.022274394,0.0010333018,0.0,0.0034590447,0.006032995,0.012640089,0.021658016,0.04255521,0.012380344,0.013927887,0.0,0.043476902,0.0,0.0,0.0142015,0.005823819,0.018547328,0.0,0.0
0.0,0.010898252,0.014807297,0.034827404,0.025209049,0.00974203,0.0060323575,0.030967433,0.034928665,0.0036880327,0.01904281,0.03804358,0.041372478,0.023255799,0.0,0.011634022,0.010887653,0.003816668,0.0,0.0
0.0,0.0,0.017854532,0.0034392476,0.0,0.0,0.012393449,0.0,0.0,0.0063472074,0.0002626369,0.0,0.009175188,0.01642209,0.0021080077,0.021178061,0.02175778,0.011286406,0.00455438,0.0
0.0,0.0014146109,0.004982416,0.0,0.006148851,0.0017892603,0.016783873,0.019752001,0.0,0.010703658,0.007914269,0.0026802367,0.006942074,0.003915173,0.013793527,0.031232709,0.027676878,0.0010449935,0.0,0.0
0.0039227367,0.034236148,0.027042732,0.016522506,0.022193834,0.01063702,0.011220833,0.005207501,0.0,0.0,0.048093777,0.01856402,0.0057653366,0.020375816,0.0032616784,0.010785939,0.0070080585,0.02078757,0.013146407,0.0017007937
0.0,0.00888607,0.011366055,0.0019746276,0.01143924,0.007969765,0.0034075535,0.015851567,0.0,0.0,0.05727359,0.0062063998,0.013618668,0.01678862,0.033727027,0.0,0.00899204,0.0,0.022129606,0.0
0.0,0.017239602,0.0,0.018759929,0.014029504,0.037354,0.001889064,0.009668654,0.0023933973,0.031115916,0.0268587,0.012550355,0.0,0.0129750315,0.0028810867,0.009019062,0.024204724,0.022878814,0.07443376,0.0
0.0019305033,0.0,0.009187627,0.0035579877,0.016024586,0.012038436,0.011852776,0.03410999,0.0,0.0,0.0,0.013308587,0.0077629676,0.003218414,0.0,0.022728296,0.005023567,0.0045835185,0.0057480107,0.0
0.0034729282,0.0,0.04130979,0.011840598,0.04329896,0.004175696,0.009630996,0.05129246,0.006737427,0.0020617808,0.00994131,0.02074772,0.059905022,0.056654003,0.006257071,0.1187654,0.0064454153,0.0076441593,0.0022931285,0.0
0.0109571805,0.0038952152,0.018564656,0.081766225,0.009546579,0.0,0.0,0.0059922626,0.0,0.019589944,0.0,0.01623018,0.0031708977,0.014783258,0.0,0.0075147627,0.0,0.005310732,0.014419021,0.011475981
0.0032903391,0.047600284,0.0052412814,0.0109242685,0.0069403327,0.0054691792,0.0015579356,0.0012198848,0.018317543,0.02621476,0.014408074,0.015154766,0.0038448742,0.014073127,0.0,0.014111425,0.0044687903,0.020521708,0.046906173,0.0
0.0,0.018832952,0.0,0.0010412207,0.029776111,0.003694618,0.0,0.009463688,0.016539097,0.00717759,0.0068141688,0.0056640073,0.0,0.036657427,0.019854585,0.0,0.0,0.02700808,0.005680294,0.0
0.005765728,0.0005454476,0.010415361,0.005253154,0.04227195,0.004181088,0.01341072,0.014304861,0.026059428,0.03347434,0.03694709,0.03861463,0.04916377,0.041137572,0.028775284,0.008024523,0.0071644094,0.064298905,0.0,0.0
0.0023636653,0.014631431,0.027585056,0.08486147,0.024349459,0.015971659,0.0065242895,0.024688156,0.0048365984,0.006013044,0.050416593,0.00638082,0.024348294,0.012216733,0.010686306,0.028999494,0.0039536464,0.008317049,0.0,0.0
0.015025966,0.009572381,0.0041548433,0.009449339,0.048564725,0.010007706,0.015974995,0.009635212,0.026976096,0.0099275885,0.014008362,0.006688288,0.010359059,0.043012753,0.018903682,0.008851646,0.0030309337,0.024193918,0.004804319,0.0
0.012502015,0.010218078,0.00042684787,0.009934153,0.0034966264,0.0018956721,0.011976382,0.0041511417,0.015209461,0.043768458,0.003972282,0.0050606206,0.012692477,0.020756327,0.009612647,0.012757435,0.052229222,0.02000721,0.0060565947,0.0
0.010747016,0.0010257752,0.0115967365,0.0038962562,0.016573671,0.0036382005,0.1091343,0.0,0.0,0.0,0.0,0.0,0.0,0.0,0.0,0.0,0.011982329,0.0,0.08111311,0.0025280626
0.00896992,0.009129851,0.020892745,0.017843135,0.024547143,0.0034166828,0.014163514,0.0,0.007388097,0.013852925,0.013800516,0.02199915,0.029359076,0.08055996,0.04259837,0.1801224,0.019282253,0.005060481,0.010382445,0.0
0.01069121,0.0029108387,0.0042269244,0.007940544,0.027071944,0.013262898,0.008541112,0.0020607072,0.011865613,0.0098497905,0.003841528,0.009492305,0.110897146,0.038476735,0.077461466,0.037065603,0.050386313,0.016651724,0.009818638,0.0
0.0,0.0016449007,0.015950095,0.036011994,0.11408985,0.01129168,0.023994992,0.023825737,0.0,0.007497928,0.0,0.013071834,0.027817417,0.027034786,0.0,0.0,0.018248249,0.02082839,0.0,0.0
0.0,0.0,0.004735976,0.0071569486,0.015184533,0.0056346115,0.0042913747,0.003957374,0.0123858815,0.012132951,0.010422883,0.018588884,0.004508508,0.005939488,0.003403487,0.0050475877,0.0,0.011607394,0.009603643,0.0
0.0,0.02280717,0.0060831364,0.013801808,0.0038735264,0.0031828186,0.0,0.012102267,0.0016676739,0.014387681,0.01732309,0.007147227,0.0,0.009614369,0.055942778,0.0,0.01787558,0.014020679,0.0023191888,0.0
0.0,0.004236069,0.015320953,0.013689679,0.005805135,0.0034999624,0.0013450236,0.004741975,0.042933762,0.01672403,0.0060150735,0.0032049397,0.029719401,0.0018806169,0.030604977,0.03000029,0.0055852537,0.13996182,0.038359564,0.0
0.006748682,0.00465814,0.08586115,0.023953827,0.044409845,0.00022670419,0.013407632,0.0,0.01603099,0.015983934,0.019833121,0.01051587,0.011641165,0.0128547335,0.002195865,0.0041353023,0.0,0.0,0.027319921,0.054984674
0.00079513574,0.013339634,0.0061395094,0.019585242,0.03275659,0.022360532,0.006094208,0.012872799,0.019641763,0.0,0.016363664,0.01189362,0.0008841091,0.021487493,0.009791069,0.0131731015,0.009106208,0.02145725,0.0,0.0
0.0,0.0,0.00018504592,0.0047965045,0.0038898967,0.02850306,0.03471775,0.0019019494,0.0,0.11929775,0.0,0.0,0.0,0.0,0.0,0.0,0.0,0.017948277,0.0,0.0
0.0099363085,0.01377571,0.022960765,0.0017079159,0.001380573,0.007417642,0.017328102,0.0,0.019812902,0.012154283,0.0,0.0,0.0,0.0,0.0,0.00599957,0.0,0.0030650313,0.0057857255,0.0
0.0069043185,0.0,0.007714724,0.0038718302,0.026913164,0.0,0.011005358,0.0,0.0,0.0,0.0,0.0,0.0,0.010565639,0.010504169,0.0023331952,0.015209015,0.0067963856,0.013244553,0.010012279
0.0,4.8703703e-05,0.014066274,0.01602414,0.003461459,0.0,0.0019253417,0.009344338,0.008996805,0.002329553,0.020734219,0.0073872223,0.016962564,0.0125800045,0.0,0.0030970634,0.0,0.0075889244,0.011086001,0.0014165596
0.0,0.0,0.039574254,0.004712552,0.021460345,0.012312933,0.0011778309,0.009359941,0.0020273617,0.004936987,0.027151687,0.04353731,0.0,0.0,0.014455253,0.0131996935,0.0,0.0,0.0,0.0
0.0143542,0.011968345,0.01024798,0.0,0.029304482,0.015441076,0.0073506627,0.001459912,0.007998962,0.0061299666,0.0071403487,0.023285173,0.004914728,0.019686725,0.019611116,0.008944348,0.0053840363,0.0049805813,0.03154171,0.0
0.021266803,0.0012608503,0.0055282237,0.0,0.01396442,0.0051712533,0.004441989,0.005768114,0.012116953,0.0059101842,0.0,0.016778944,0.015553136,0.014895389,0.010120723,0.059047274,0.022718154,0.0,0.0,0.0
0.0038694795,0.01693441,0.010153889,0.031279806,0.029083407,0.0007124054,0.0036017103,0.016980322,0.019438999,0.013446388,0.027759269,0.010405281,0.0053290855,0.016700171,0.01877458,0.013574532,0.0,0.02726051,0.03950236,0.0
0.0,0.0,0.0,0.018407844,0.019547043,0.05944068,0.05633651,0.01487363,0.024618227,0.0,0.0,0.0,0.056789145,0.0006581716,0.0055147135,0.012624952,0.0388403,0.04541602,0.06496324,0.0
0.0,0.0,0.0,0.0,0.023170924,0.037147053,0.00499076,0.003181839,0.019293964,0.016767133,0.0,0.005366968,0.007783678,0.020143734,0.006944288,0.015771233,0.016780717,0.030396678,0.017595474,0.0
0.0045152125,0.0018566207,0.0,0.0,0.0064609684,0.009753557,0.013809288,0.0063836956,0.0,0.009636754,0.0,0.012383956,0.02671551,0.0056345575,0.012191173,0.015237065,0.008918218,0.02747716,0.028031759,0.0042491285
0.0,0.0,0.006861799,0.0,0.013545666,0.010607057,0.030777985,0.057688832,0.019149838,0.003582409,0.0136545515,0.006372766,0.0022730562,0.006168264,0.035113424,0.014422971,0.028942494,0.0436054,0.0064804046,0.0
0.003953431,0.031125944,0.016962117,0.044658054,0.012396034,0.015457014,0.022415431,0.0058593587,0.03141467,0.017459547,0.0038646215,0.0037070364,0.015622726,0.020664843,0.058789957,0.0082181,0.0073822695,0.016589507,0.064892344,0.0
0.0,0.10524552,0.010084163,0.01708864,0.043416325,0.009929858,0.0006214376,0.01899912,0.106486335,0.014881002,0.004330203,0.012138289,0.03263338,0.06064744,0.019813225,0.0047417292,0.18278362,0.078063376,0.0,0.0
0.013003266,0.039867215,0.013079474,0.020292347,0.009046965,0.0062773316,0.011285372,0.023368921,0.011619173,0.003189893,0.010073884,0.013945976,0.0016458503,0.01992283,0.024045456,0.008079725,0.0054240334,0.019367812,0.0075395494,0.0
0.0,0.0,0.011401745,0.021998962,0.0049414523,0.05621098,0.03529536,0.18232475,0.0013548749,0.0,0.046878893,0.019105488,0.00017923619,0.010974596,0.019854773,0.005395102,0.057021953,0.0022297404,0.010420719,0.0
0.024693113,0.06168742,0.0,0.0,0.018699309,0.0,0.016720789,0.07088615,0.029878646,0.004751328,0.0,0.009023919,0.02373808,0.027175985,0.0,0.021773934,0.0046859216,0.041002885,0.12191395,0.024404004
0.002856501,0.0068649687,0.0041034156,0.010000227,0.009889351,0.0042072777,0.0,0.036739144,0.009137334,0.011531759,0.003081449,0.009352059,0.029613089,0.00667922,0.0076743653,0.013464363,0.0064565707,0.0,0.00752709,0.0
0.011199345,0.0031355917,0.012417419,0.007996851,0.0070362594,0.0,0.014419831,0.0,0.006461814,0.0074375304,0.016015934,0.0722887,0.056129504,0.026880814,0.0032778117,0.0009078381,0.0064004418,0.04082894,0.030563662,0.0065741744
0.005525285,0.023167098,0.00057917903,0.04931406,0.03189444,0.09957962,0.006569808,0.010488888,0.022098385,0.0,0.010063944,0.0039992738,0.054449372,0.0,0.0,0.012829962,0.009458135,0.021768853,0.0,0.0
0.0,0.0,0.0,0.010740623,0.014609476,0.01191714,0.024454381,0.009190485,0.004727731,0.0,0.008584076,0.0,0.0,0.0,0.0,0.003249188,0.0017725109,0.021724192,0.011816905,0.0
0.0,0.0034750775,0.0064079626,0.002820872,0.052779887,0.0017735474,0.0032221803,0.0006723337,0.0016317647,0.0,0.0,0.0,0.037272424,0.0020166668,0.0075866613,0.105784744,0.0,0.0,0.0,0.0
0.0,0.0,0.019746907,0.006060918,0.005383435,0.031601407,0.0,0.007542126,0.012962753,0.02640857,0.0070326356,0.0,0.024646167,0.01865127,0.0033988866,0.008822002,0.01447429,0.007109564,0.0,0.0
0.004760778,0.004760778,0.026062204,0.0,0.014916931,0.033702742,0.0039234944,0.046565052,0.015338485,0.014071481,0.0,0.003200982,0.01348189,0.005560242,0.0,0.0,0.017142985,0.019105468,0.003385421,0.0024938567
0.0,0.0034715012,0.0,0.011135178,0.016807009,0.0,0.016364057,0.021161987,0.013429204,0.0024018923,0.0020360225,0.00056147424,0.01624845,0.0015410648,0.006688562,0.029071037,0.0032240287,0.032582466,0.0,0.0
0.012143279,0.007995516,0.020296443,0.012446775,0.013637939,0.020699257,0.017988645,0.038075536,0.014876204,0.017104862,0.046552677,0.057969153,0.006984335,0.010967597,0.012645666,0.010368619,0.0026187717,0.05677237,0.0013382212,0.0
0.0,0.034729894,0.004854599,0.06532959,0.061593812,0.029904839,0.022741025,0.023522709,0.010449581,0.007141225,0.0142554445,0.022462938,0.0054009184,0.0,0.020707421,0.010059621,0.0038704947,0.0,0.0,0.0
0.0,0.012977709,0.0026317541,0.0140592065,0.018318372,0.003928585,0.014283685,0.005710825,0.007395966,0.0,0.010286727,0.037856244,0.0,0.0,0.0,0.009268622,0.07879662,0.16858023,0.006156114,0.027887745
0.0,0.0049962513,0.0064164996,0.010463043,0.009919295,0.00821967,0.0,0.0,0.0,0.0,0.0,0.006794396,0.006852468,0.01015195,0.00903008,0.0038620601,0.0070698634,0.012672774,0.012664928,0.0024009799
0.0025839142,0.013802444,0.0,0.009372641,0.0066749305,0.0037156101,0.0,0.0,0.0,0.0,0.021509452,0.0054704784,0.0,0.06759067,0.02246754,0.1338146,0.021593008,0.015147865,0.0,0.0
0.023146302,0.007154488,0.010310541,0.02983836,0.020805487,0.0,0.005823995,0.014105312,0.028294822,0.088510424,0.0094534205,0.008492424,0.0031152584,0.012103671,0.0020377217,0.0055902936,0.025446195,0.0072386614,0.0057709543,0.0
0.0,0.005434593,0.0028496056,0.0,0.0234685,0.0038348713,0.011014646,0.008460904,0.0,0.0,0.0,0.023382418,0.020934815,0.019502237,0.0074489084,0.0,0.0,0.0,0.005265217,0.051541958
0.0,0.0,0.01817118,0.012042823,0.047270533,0.0,0.0052917944,0.0065954146,0.057997704,0.026395213,0.0086583635,0.00021559643,0.0,0.014036642,0.012575155,0.013658186,0.031571962,0.0,0.0,0.0
0.0,0.0,0.013672926,0.020007765,0.0,0.0,0.10854729,0.00018116456,0.0,0.0,0.0,0.0,0.0,0.018649794,0.06183493,0.0031611891,0.0,0.0062221843,0.006831894,0.012440334
0.0,0.0,0.0,0.0,0.019182356,0.0049354513,0.088160336,0.083721414,0.15888147,0.0,0.007804251,0.0,0.023279786,0.060246054,0.0,0.0,0.0477252,0.0,0.0,0.0
0.024670634,0.0009105353,0.005732422,0.023326624,0.006772849,0.012012956,0.006507692,0.056947675,0.007062767,0.007186696,0.015485396,0.00715857,0.014837681,0.009067339,0.0105686635,0.01316513,0.007966146,0.014461965,0.017656427,0.0
0.0,0.08641904,0.09163757,0.015089874,0.019473113,0.0040864637,0.009899806,0.0,0.005603693,0.007517394,0.014438795,0.038775973,0.011050779,0.009729692,0.028861541,0.018325608,0.016507728,0.014901594,0.0059275287,0.0
0.0021496087,0.009481775,0.014095831,0.0,0.0,0.0,0.0074538193,0.0027749762,0.009949185,0.0023995603,0.0,0.0,0.0,0.057067018,0.019915894,0.09416328,0.019520856,0.008543557,0.010758827,0.00072902336
0.003858995,0.013101036,0.006848487,0.005015995,0.0040450366,0.017785903,0.0,0.0,0.0,0.0024715376,0.013272524,0.0068085096,0.023091856,0.0012929145,0.0,0.0,0.012926775,0.03153792,0.003590524,0.0029487095
0.0,0.012199498,0.0037923134,0.013804879,0.008050109,0.0,0.0,0.0,0.0,0.0,0.0,0.008164771,0.0,0.0,0.0,0.0065709935,0.0036373802,0.10594254,0.051699974,0.0
0.0,0.019470505,0.021097358,0.003919538,0.02387064,0.016783357,0.02029332,0.013726513,0.0,0.02068223,0.008444786,0.009865488,0.009627655,0.02557626,0.004801704,0.004882348,0.008568998,0.0067212563,0.019187864,0.0
0.0,0.0,0.0070303,8.683289e-05,0.060533196,0.016455319,0.0,0.012490027,0.008098013,0.008483315,0.009569953,0.0,0.02122355,0.023045057,0.0,0.006179573,0.0,0.0,0.009801863,0.0
0.0,0.0,0.0,0.0,0.010082061,0.003138226,0.0004794337,0.022605523,0.0049794423,0.011851526,0.023628749,0.0,0.0017820852,0.005748721,0.0061845067,0.015144099,0.039921045,0.02358689,0.0066447975,0.0
0.0,0.0,0.0,0.018722557,0.039510407,0.031579718,0.00088556716,0.011420541,0.0058631594,0.0,0.014535833,0.018638292,0.026542101,0.025016788,0.036021367,0.024380151,0.041776657,0.022363283,0.0,0.0
0.0014228628,0.0087904325,0.02769077,0.00045605685,0.0,0.002898876,0.00035457578,0.011107296,0.0073392284,0.0,0.0,0.0,0.0,0.045533203,0.0045266906,0.05994053,0.028103948,0.02036016,0.012204724,0.0
0.0,0.011356218,0.010854481,0.011052847,0.017445976,0.018369105,0.027379936,0.0077870768,0.0,0.0071725734,0.01771592,0.00336381,0.029768849,0.0019668122,0.0065914746,0.04150386,0.01218427,0.0,0.0,0.0
0.007832182,0.018842759,0.0038392865,0.019687077,0.006295696,0.014913638,0.021565765,0.03082219,0.0027378423,0.01233638,0.04826854,0.0111461915,0.01702335,0.018196344,0.016568435,0.026237747,0.03076961,0.008730791,0.032990888,0.0
0.0040508164,0.014324164,0.0,0.004698751,0.013097727,0.023892678,0.0068141846,0.0,0.023300357,0.0030814968,0.0028127076,0.0073514446,0.00474425,0.008006781,0.013487348,0.030689871,0.0037798653,0.0,0.0,0.0
0.005079645,0.025482416,0.04286818,0.011043545,0.030026894,0.00930794,0.0021418529,0.014540868,0.004346988,0.024265423,0.013830087,0.02184223,0.011281377,0.010398748,0.004183213,0.016725434,0.023208749,0.01824906,0.03270263,0.0036069679
0.0,0.0028387264,0.0069029042,0.0,0.017426463,0.005728304,0.0019234555,0.026446393,0.010744545,0.008001421,0.0025844723,0.011757091,0.02135664,0.0086670015,0.031136977,0.017215814,0.003442529,0.0027673836,0.011982726,0.0
0.0,0.0,0.0078384755,0.0005694846,0.012894442,0.0262342,0.009380235,0.003880947,0.0,0.041651573,0.0,0.0,0.013788892,0.03168481,0.0,0.0113244075,0.004743185,0.010182652,0.004525623,0.0
0.033164058,0.06639012,0.005560466,0.03058112,0.024551647,0.01161629,0.010750471,0.0,0.0409862,0.011502839,0.008918373,0.0059695533,0.013666969,0.012524205,0.0068508345,0.03254096,0.01274488,0.028722212,0.0045240256,0.0
0.0,0.031869758,0.021325162,0.012077268,0.016946653,0.0075893323,0.024652516,0.041469768,0.008160817,0.018956123,0.008518673,0.010501481,0.0184456,0.009189342,0.03710574,0.010973589,0.015761377,0.022607062,0.0026336093,0.0
0.0,0.01418708,0.0039395206,0.0,0.013057846,0.049418334,0.011372942,0.01175265,0.02250837,0.0024169371,0.01633974,0.0028321145,0.0053671463,0.0068285875,0.011888114,0.09028219,0.0043733953,0.008388671,0.018757228,0.0
0.014207054,0.0,0.0084166275,0.032293778,0.009267464,0.0073963297,0.0,0.0056294757,0.022075344,0.0031783318,0.006214114,0.010543943,0.025013117,0.008800657,0.0077816877,0.0,0.0053192438,0.007829924,0.03871564,0.0
0.010430243,0.011517928,0.055622093,0.018064477,0.0363403,0.00415202,0.01536787,0.014525294,0.00792994,0.017992027,0.010815643,0.004256656,0.004609263,0.026774768,0.0065433625,0.010033924,0.0406152,0.005188523,0.015622904,0.004079262
0.0,0.0038185108,0.0,0.009645971,0.0018317382,0.020452207,0.009089015,0.0064453343,0.015168309,0.0,0.010563599,0.023712102,0.0,0.02167069,0.0,0.01818101,0.0055640177,0.0065553566,0.0,0.0
0.0,0.016783457,0.03837184,0.01455591,0.024382606,0.01005679,0.0063699437,0.0456135,0.007293747,0.027073344,0.040050827,0.0070193224,0.010603637,0.05296325,0.057612617,0.023477748,0.0108955465,0.02410542,0.0,0.0
0.005138744,0.036848113,0.005882223,0.01437406,0.014480191,0.007264714,0.02990744,0.01167274,0.028821843,0.065413155,0.0006007387,0.0043154648,0.0,0.10353804,0.0009197752,0.0,0.005774393,0.038212027,0.025685584,0.0
0.004199964,0.08719791,0.014844211,0.007651812,0.005513892,0.0,0.0,0.0,0.019372983,0.0018861212,0.027291803,0.0273863,0.002290963,0.0074323826,0.02579705,0.0009225775,0.001970518,0.0,0.0,0.0
0.0,0.011051475,0.08768293,0.0081150085,0.0048913057,0.11829515,0.004620344,0.007942053,0.0,0.0025743002,0.011554975,0.00893514,0.0047600525,0.029267091,0.030055152,0.016751979,0.02695677,0.101495795,0.0,0.0
0.004354191,0.010138096,0.021820273,0.0019651204,0.02035975,0.014434822,0.039074015,0.007462771,0.02781548,0.006278692,0.003079013,0.04266701,0.009788847,0.051829346,0.04767607,0.013908429,0.0040175114,0.02892913,0.081579275,0.0
0.0038677093,0.08094199,0.0058894763,0.014639054,0.0058359527,0.006810107,0.006998492,0.010958267,0.06546725,0.008902894,0.059802122,0.012233106,0.020497648,0.0103263175,0.01305144,0.014475173,0.006822948,0.027325962,0.06821557,0.021515608
0.010585032,0.016085312,0.04284114,0.008789176,0.02164931,0.01297425,0.013488159,0.0051765866,0.009645322,0.050672013,0.031642865,0.035623707,0.018802011,0.049046025,0.03714929,0.02328207,0.0021669883,0.027586162,0.0,0.0
0.0013557596,0.0014221717,0.015248962,0.011861807,0.0087584425,0.005233296,0.0,0.019827645,0.00806065,0.0,0.0,0.0,0.00058154936,0.0021297678,0.007697453,0.033556186,0.0,0.0,0.0148744825,0.0
0.011273954,0.014249297,0.0027227793,0.02973906,0.06001921,0.0,0.006813017,0.009106114,0.015978185,0.0032066433,0.0,0.0,0.0048587024,0.007976072,0.017117785,0.00385798,0.008923702,0.02456861,0.0,0.0
0.0,0.0,0.0077634593,0.011470892,0.010709054,0.015063406,0.008365074,0.01629913,0.032758232,0.051210336,0.0053545036,0.018903997,0.02630669,0.02544691,0.040205184,0.0131528275,0.024724972,0.0,0.0,0.0
0.0068139224,0.009088408,0.03810203,0.008937673,0.051975682,0.036746677,0.01804134,0.001533193,0.009423732,0.0,0.050019156,0.021563895,0.015389782,0.0051251506,0.009754884,0.0007686185,0.009601445,0.011056497,0.02188765,0.0
0.0,0.008168,0.015077584,0.005195677,0.0045760516,0.0244424,0.0026593634,0.0,0.0,0.0,0.020076927,5.5635574e-05,0.0042292085,0.0044689067,0.0025810362,0.01738359,0.010816823,0.008482677,0.00013092205,0.0
0.008021237,0.010619397,0.057944942,0.021362701,0.009416747,0.009940973,0.0062709274,0.014283616,0.004071253,0.02369698,0.06391448,0.0069282115,0.0059420355,0.014180238,0.0127578005,0.00888596,0.00873175,0.028360015,0.00569186,0.0
0.0,0.033907972,0.021392334,0.0047275093,0.015819805,0.034219563,0.011050568,0.064326696,0.050358914,0.028049873,0.012631579,0.009112253,0.012641722,0.031337425,0.024685342,0.03807716,0.018742464,0.0105693955,0.0,0.0
0.0,0.0116716055,0.0094794035,0.0,0.004405355,0.010401638,0.011090206,0.0021687169,0.0,0.0,0.019563645,0.0,0.0,0.009912021,0.001084283,0.020034468,0.0024511018,0.035718314,0.0,0.0
0.026059438,0.001867684,0.032988038,0.0327495,0.02409312,0.0021161453,0.035095613,0.05815168,0.012867593,0.0031802864,0.0034709012,0.015261714,0.033308856,0.01457532,0.038577843,0.04332456,0.026995974,0.009013203,0.006929913,0.0
0.0,0.0,0.023593524,0.008422228,0.0,0.043908738,0.028998638,0.019534038,0.002618226,0.01279145,0.015459645,0.008817396,0.0,0.0,0.031043602,0.017191086,0.016469734,0.04782765,0.031182451,0.050775923
0.008549418,0.008375278,0.044727374,0.0,0.0,0.018246282,0.004952483,0.041531224,0.006709199,0.01834649,0.0185332,0.0,0.0,0.01314315,0.021397896,0.0,0.04170433,0.024134126,0.0,0.0029774136
0.0,0.014467768,0.0012279485,0.01275215,0.0133258505,0.00353897,0.013319437,0.010348396,0.01825007,0.045317974,0.00971344,0.0007684651,0.010751267,0.0055202795,0.002925055,0.0072708307,0.0104994895,0.0052564545,0.022016307,0.0
0.0,0.0036028302,0.013828608,0.008979116,0.008073147,0.0,0.022403168,0.0082039675,0.017746866,0.010295166,0.01686283,0.0041345595,0.022136966,0.0082726935,0.0,0.0051949727,0.003576349,0.021469485,0.02599541,0.0
0.0,0.0,0.0,0.022840004,0.000715876,0.01942587,0.038767442,0.026908953,0.0049763275,0.004584819,0.022110552,0.014526804,0.0,0.016323427,0.006268951,0.048201144,0.016244221,0.018115392,0.0,0.0
0.0029407823,0.005444731,0.018442621,0.011795876,0.023797391,0.0044565406,0.011483788,0.007991249,0.027199963,0.02096479,0.008479002,0.0073553803,0.007994131,0.0032377252,0.017669622,0.022737307,0.01446844,0.014044161,0.13865493,0.0010720156
0.0,0.01219338,0.016945021,0.0042273337,0.0051949336,0.02942989,0.0105660595,0.0015350471,0.022969466,0.0018738059,0.0116063,0.00832192,0.006222656,0.0045907525,0.0,0.018388247,0.00636321,0.017147323,0.0029538241,0.0
0.0,0.008643372,0.001514801,0.0649005,0.06131392,0.017839491,0.004942128,0.00908781,0.007138063,0.039655033,0.0,0.011214281,0.008935782,0.016113874,0.09685193,0.009265283,0.016303262,0.0069763437,0.07276946,0.0
0.0,0.031445567,0.07478999,0.09518727,0.034291398,0.010410283,0.005057217,0.012996823,0.0024376875,0.022880036,0.02099555,0.015707629,0.012296158,0.0,0.033009667,0.008636508,0.020274214,0.0058781416,0.013289889,0.0
0.008065319,0.02162003,0.007065332,0.0033800954,0.0026844006,0.0,0.0,0.0061474526,0.0032723446,0.0049973964,0.010545344,0.03514945,0.023393417,0.014617372,0.0,0.010095554,0.0014382697,0.0,0.0,0.0
0.005967657,0.0064175646,0.019462984,0.0067150984,0.013459307,0.004947221,0.0055746282,0.0047360766,0.017151427,0.00023995545,0.0010712926,0.002330856,0.025293572,0.007339857,0.02208093,0.024627162,0.046565324,0.0066294954,0.004946349,0.0
0.0,0.026010538,0.0033290829,0.015223222,0.03229983,0.0044936156,0.0,0.025615564,0.004700624,0.023488438,0.005876418,0.004507455,0.0,0.018119292,0.0065320064,0.0,0.008991757,0.03535655,0.0069640926,0.0
0.0033596081,0.019845154,0.032824073,0.0013665485,0.016528707,0.0049309046,0.0061367988,0.008295184,0.0077894763,0.023741951,0.07039019,0.018660448,0.0036450003,0.023891395,0.0058645676,0.019469472,0.01234979,0.009834401,0.027939582,0.0006291366
0.0,0.016277192,0.01793126,0.0032107295,0.01718293,0.03395162,0.0030446588,0.011301815,0.0004230966,0.0072513283,0.0,0.0,0.0,0.0,0.0,0.0,0.0,0.0,0.013573158,0.0
0.0,0.0,0.008475823,0.012982081,0.0,0.0,0.010424551,0.0,0.0,0.0,0.00022757007,0.0,0.00030459726,0.0,0.0,0.01794803,0.005981139,0.0,0.0,0.0
0.0040589822,0.028738176,0.027381293,0.0055990447,0.018310118,0.018185524,0.007724452,0.0098153725,0.0045283567,0.01486888,0.017975355,0.010591134,0.005623127,0.0046145082,0.015879918,0.03117019,0.0050165514,0.019785507,0.00157438,0.0
0.008524734,0.0037119621,0.0072489143,0.0017237155,0.0057029184,0.1476826,0.0,0.022678055,0.012407671,0.15016747,0.08728755,0.0,0.043576244,0.022781895,0.0,0.02101344,0.0017060593,0.0033565816,0.020647334,0.0
0.0,0.0031312353,0.00258451,0.0,0.0077331206,0.010289561,0.00030813817,0.009381139,0.010788049,0.00400162,0.0039327894,0.008334626,0.013419648,0.011098709,0.021349123,0.021617332,0.0033343546,0.0,0.0,0.0
0.0,0.02354421,0.026023299,0.018202392,0.008089822,0.007956698,0.017078003,0.0,0.011535397,0.046191465,0.033642665,0.00027233484,0.016866459,0.027732067,0.02525629,0.010671818,0.010683525,0.03726162,0.0027907612,0.0
0.0119771175,0.0141030485,0.019693345,0.0,0.011954476,0.013106517,0.0008666825,0.0,0.0055623655,0.00798819,0.012093914,0.056748524,0.043601856,0.033258576,0.042841222,0.00852242,0.042721625,0.042461827,0.01912346,0.0
0.0,0.028798332,0.0028251803,0.0068234056,0.003968225,0.0059138928,0.005206852,0.00402695,0.0,0.0,0.0,0.011884141,0.012720673,0.012979031,0.01032933,0.027672533,0.008968874,0.0075263116,0.016387101,0.0
0.028151039,0.0,0.010840777,0.033127397,0.009975404,0.0065161088,0.0136558,0.0074922806,0.014553883,0.0025676375,0.0027491353,0.05959231,0.021336373,0.0087504,0.010050992,0.03441297,0.010934315,0.0,0.0026459247,0.0
0.008640574,0.0005490883,0.02635247,0.0063076336,0.0041566817,0.035019595,0.0012320016,0.0019493086,0.010031976,0.015626146,0.02658149,0.011311,0.016978918,0.017458552,0.009398526,0.010619386,0.015925141,0.060523856,0.024274703,0.016606372
0.0,0.0,0.002511789,0.0035405522,0.0042789234,0.013643709,0.009020033,0.02025351,0.010721398,0.021501971,0.019020364,0.004793664,0.022356344,0.0036119139,0.014193671,0.023287918,0.120366104,0.027365305,0.09747051,0.060905382
0.0063274144,0.0,0.0130220745,0.029276794,0.004610177,0.013547758,0.035487518,0.06263989,0.01757816,0.011344417,0.008698754,0.028231887,0.013827488,0.0250865,0.01268138,0.022602199,0.0,0.0040352256,0.0,0.0
0.028926503,0.024516052,0.06805524,0.012654067,0.008122894,0.0005235447,0.006925689,0.0070073856,0.022082215,0.028528737,0.11495417,0.006251057,0.11269918,0.017105583,0.013347892,0.00341517,0.051459637,0.01826389,0.009732551,0.0
0.014461389,0.0054041618,0.0,0.013240938,0.009912332,0.0,0.0,0.0,0.0,0.0,0.0,0.0,0.0,0.0,0.008754884,0.011514638,0.0076140068,0.005649709,0.012027746,0.0033318305
0.0068129506,0.0,0.0056223674,0.016158609,0.0,0.005538379,0.0029351513,0.002049693,0.002298889,0.0,0.0,0.005941795,0.0,0.0,0.045844622,0.02374332,0.018149149,0.008829623,0.0,0.0
0.0,0.0076203165,0.000834552,0.0,0.09930093,0.019906908,0.008384272,0.0,0.041641466,0.03464805,0.0,0.008697342,0.00023572563,0.011997683,0.0071396595,0.0048102997,0.03139913,0.0029480094,0.0,0.0
0.0036412242,0.010698062,0.0012122313,0.009580287,0.0173811,0.025003962,0.0183793,0.014417768,0.0037886112,0.011973753,0.045720905,0.00028960092,0.02696371,0.048049655,0.06386516,0.0065110154,0.0073457076,0.03407067,0.04479372,0.0
0.0,0.0017776662,0.005841441,0.0,0.006984016,0.0066871364,0.0,0.015069521,0.004524347,0.010176637,0.0016999553,0.002196494,0.042961415,0.02085845,0.055738486,0.020249715,0.0027763534,0.002870915,0.0010045657,0.0
0.0,0.007995211,0.0,0.01738758,0.036518935,0.023034537,0.03141095,0.0,0.06656555,0.023312919,0.020493496,0.0017750053,0.03298882,0.0041781003,0.0050922753,0.03391237,0.05305537,0.06252243,0.005325763,0.0
0.056880165,0.0064967917,0.002898434,0.03684439,0.003993957,0.0061130803,0.008722312,0.019605799,0.021656416,0.01965933,0.019093508,0.0066592167,0.028167088,0.007912148,0.012410528,0.0,0.019495627,0.020141862,0.02613532,0.0
0.0027739496,0.016402803,0.0068982933,0.017023433,0.018211013,0.016786864,0.010222045,0.009456875,0.0050679184,0.021559533,0.028068881,0.0045014014,0.017222155,0.013278479,0.048438948,0.01644867,0.016692098,0.027184395,0.00045051926,0.0
0.0,0.004142673,0.010694843,0.00088483794,0.0067855055,0.027279839,0.030275151,0.0,0.0073318854,0.02908904,0.009331195,0.004764534,0.007894265,0.0,0.015037062,0.02575706,0.010886831,0.19410974,0.0008005776,0.0
0.0,0.014010977,0.018717207,0.054764725,0.02828872,0.061827544,0.006431721,0.0,0.002465749,0.009189418,0.008848975,0.0015272724,0.0098381685,0.0061745117,0.018716441,0.021763155,0.0045734653,0.039198335,0.032546256,0.0
0.0035955992,0.0031210126,0.022675171,0.020112213,0.008095942,0.0070340196,0.0,0.0,0.0,0.0,0.008795213,0.0,0.0,0.0,0.0,0.009278855,0.0072011673,0.0,0.016659042,0.004311238
0.0034012583,0.013150929,0.0033331797,0.010664753,0.0024689108,0.012562105,0.002442066,0.0046176114,0.014227502,0.0149350595,0.014871801,0.041629497,0.061976522,0.038231265,0.014560933,0.013674292,0.024257097,0.019747803,0.014162341,0.0037972252
0.0,0.0057914797,0.0,0.0313331,0.03691533,0.032691307,0.01832051,0.009197401,0.026304558,0.0,0.017334737,0.0,0.0104414765,0.0104414765,0.0,0.010022984,0.0064892992,0.027471792,0.007144595,0.0
0.005027833,0.004384515,0.036837995,0.013999076,0.0074957507,0.005723911,0.0055615827,0.007129405,0.013157821,0.0148047265,0.0070993346,0.01034162,0.017995672,0.016022427,0.014014529,0.0062903548,0.018206611,0.012295558,0.01438414,0.0071884813
0.0,0.024287654,0.057464954,0.0056334445,0.0010629556,0.012567827,0.0,0.01025839,0.0014413667,0.017891703,0.00956975,0.028670285,0.009788952,0.007490783,0.019735705,0.018283578,0.0043872665,0.0035380884,0.0,0.0
0.021083716,0.0,0.025008744,0.029514885,0.020132419,0.0050973096,0.009910275,0.11122222,0.003960822,0.0056576505,0.0032013268,0.006650084,0.020930983,0.01024347,0.0074861962,0.022585496,0.05146923,0.0055905334,0.009088909,0.0
0.02055659,0.02367346,0.01755056,0.006336624,0.014600988,0.0,0.0,0.0,0.01828324,0.0048445696,0.011474708,0.0024695778,0.020928087,0.000937113,0.0058540143,0.013369124,0.005905931,0.0,0.0,0.0
0.0069304095,0.023909302,0.0016726777,0.0118601555,0.009584109,0.006801625,0.032710083,0.0011836152,0.024939323,0.016825842,0.008820211,0.004367432,0.0042546415,0.008566429,0.008493048,0.014011398,0.022793237,0.0,0.0058129844,0.0
0.0,0.017882029,0.0,0.030098375,0.0054228506,0.006071233,0.01030954,0.023623552,0.013497732,0.004972214,0.042126488,0.016819779,0.003902561,0.0,0.057704978,0.012701022,0.0318905,0.008237781,0.0,0.0
0.0,0.017409004,0.0,0.0,0.0,0.006326492,0.005366547,0.013124335,0.012396726,0.007781249,0.0025691641,0.0,0.012576752,0.0,0.0,0.0,0.008567883,0.009601703,0.009793528,0.0
0.0010608964,0.0,0.0050977333,0.00043823884,0.008704958,0.002312968,0.052349355,0.005611363,0.012944594,0.016168851,0.0013077703,0.16867466,0.022425842,0.018267177,0.018538402,0.015955908,0.0053652036,0.0,0.0039952733,0.0
0.0,0.00379082,0.041209243,0.00471621,0.02418314,0.02535828,0.0,0.02772235,0.014070283,0.058010373,0.032501046,0.007287634,0.008833607,0.015751487,0.0,0.011700063,0.010127367,0.025954792,0.044150386,0.0
0.0,0.012262495,0.0,0.0,0.0425844,0.0036948293,0.005061805,0.033144083,0.011945812,0.008249426,0.02158387,0.0035721257,0.0008720952,0.0,0.017427042,0.0,0.004985718,0.012000591,0.007421976,0.0
0.016617518,0.014930872,0.0,0.016026262,0.028942185,0.0006147743,0.0,0.016575234,0.00060873607,0.00587981,0.012275974,0.0089099705,0.01492702,0.0073838974,0.024909735,0.0008448003,0.007793218,0.01192879,0.12919885,0.14802642
0.026216872,0.0048345095,0.003691627,0.0124901645,0.0067740604,0.016890295,0.0049681664,0.030132873,0.014266031,0.009225946,0.0,0.008240644,0.0069442224,0.022447567,0.01576861,0.010141765,0.00553669,0.05262071,0.025499105,0.0
0.0,0.010720993,0.038717248,0.0,0.0043349774,0.010159204,0.011528492,0.0,0.019108046,0.0058085695,0.018052137,0.004472176,0.0,0.021537894,0.017476745,0.045082755,0.016897615,0.01700239,0.0050996887,0.0
0.01901648,0.012305759,0.010464084,0.0184673,0.010833973,0.012030985,0.001640721,0.01261241,0.038461104,0.010807267,0.0023153487,0.022198275,0.017583987,0.0065459437,0.009874541,0.024747554,0.0037534973,0.008935696,0.001106156,0.0
0.0051061604,0.0050735725,0.0,0.017480198,0.008220336,0.014105186,0.013226215,0.014498505,0.008966541,0.00023863693,0.0059669917,0.075065956,0.044544104,0.0012596133,0.019902667,0.027211392,0.023513595,0.013748729,0.00553936,0.0
0.001409886,0.012411868,0.011663648,0.013196356,0.0030093088,0.005548493,0.0042634695,0.015170574,0.010742816,0.007406539,0.004852542,0.0050696973,0.0,0.0,0.006697555,0.045486648,0.011894416,0.011829426,0.0030697226,0.0
0.009188563,0.0060762675,0.0052360552,0.017082557,0.0013236931,0.011055129,0.0033446662,0.008594261,0.0401015,0.0,0.0065351804,0.018218609,0.010120091,0.012542202,0.013304144,0.0070932666,0.0,0.09548164,0.013835402,0.0
0.0,0.005622746,0.0010762324,0.0055792606,0.0027708118,0.002922389,0.008395113,0.0064634583,0.009275734,0.012153019,0.0033281555,0.0138986865,0.008701213,0.0104535865,0.008995068,0.022741871,0.037466563,0.000992581,0.00777985,0.0
0.0011012153,0.045056473,0.008513256,0.011227188,0.066982664,0.019770605,0.012261945,0.017891422,0.015225746,0.0003946028,0.011973719,0.0039019354,0.0064882557,0.005223999,0.0,0.011414984,0.021598158,0.012673959,0.0005581127,0.0
0.004278083,0.011390636,0.0063403966,0.007396724,0.015005611,0.0014860199,0.0,0.00757256,0.0027281668,0.006043175,0.005967065,0.0,0.0,0.007732698,0.0059010326,0.020999983,0.009487639,0.007724289,0.011208963,0.0028953073
0.0,0.0,0.0,0.004347391,0.021847911,0.0047514047,0.018797101,0.11316873,0.0,0.017072178,0.0,0.0,0.0,0.0074767885,0.00995744,0.0518376,0.01927459,0.0582147,0.0,0.0
0.0,0.03610682,0.007946276,0.018877938,0.0066813305,0.0,0.017442245,0.008375039,0.008753889,0.011279304,0.0,0.0,0.018438427,0.012854071,0.0059180046,0.0,0.0,0.092169926,0.011053644,0.0
0.0,0.0030833425,0.0,0.0,0.0,0.0017221941,0.031229919,0.029830454,0.09042723,0.028516408,0.004188871,0.0,0.0,0.0,0.0,0.0,0.0095726,0.0,0.0,0.0
0.009334878,0.025262496,0.04874405,0.017213808,0.006020161,0.029975044,0.020955984,0.004991426,0.0053581726,0.012592855,0.022001142,0.033847615,0.006234529,0.013046569,0.007547866,0.0015831311,0.007887116,0.008790729,0.010989138,0.009480332
0.0,0.025396967,0.011789055,0.005648806,0.0012886024,0.021022229,0.028135149,0.010743192,0.009460933,0.010393926,0.035436057,0.004952341,0.014568636,0.006323905,0.0031892792,0.02985608,0.037673205,0.0096409125,0.011259346,0.0
